,WorldRank,NationalRank,Name,ARWU_university_ID,Country,TotalScore,Alumni,Award,HiCi,NS,PUB,PCP,item,GRID_ID,fuzz
0,1,1,Harvard University,Harvard-University,unitedstates,100,100,100,100,100,100,69.2,http://www.wikidata.org/entity/Q13371,grid.38142.3c,
1,2,2,"University of California, Berkeley",University-of-California-Berkeley,unitedstates,72.4,67.6,79.3,69,70.9,70.6,54.2,http://www.wikidata.org/entity/Q168756,grid.47840.3f,
2,3,3,Stanford University,Stanford-University,unitedstates,72.1,40.2,78.4,87.6,68.4,69.7,50.1,http://www.wikidata.org/entity/Q41506,grid.168010.e,
3,4,4,Massachusetts Institute of Technology (MIT),Massachusetts-Institute-of-Technology-(MIT),unitedstates,71.4,70.5,80.3,66.8,70.1,61.4,64.5,http://www.wikidata.org/entity/Q49108,grid.116068.8,
4,5,1,University of Cambridge,University-of-Cambridge,unitedkingdom,69.6,88.5,92.6,53.9,54.3,65.7,53.1,http://www.wikidata.org/entity/Q35794,grid.5335.0,
5,6,5,California Institute of Technology,California-Institute-of-Technology,unitedstates,64.4,50.3,68.8,56.7,64.8,46.9,100,http://www.wikidata.org/entity/Q161562,grid.20861.3d,
6,7,6,Princeton University,Princeton-University,unitedstates,60.8,56.4,84.8,61.1,43.3,44.3,65.5,http://www.wikidata.org/entity/Q21578,grid.16750.35,
7,8,7,Columbia University,Columbia-University,unitedstates,60.4,70.7,67.4,56.2,47.6,69.9,32.1,http://www.wikidata.org/entity/Q49088,grid.21729.3f,
8,9,8,University of Chicago,University-of-Chicago,unitedstates,57.3,65.5,83.9,50.9,39.8,50.5,40,http://www.wikidata.org/entity/Q131252,grid.170205.1,
9,10,2,University of Oxford,University-of-Oxford,unitedkingdom,56.4,56.2,57.6,48.8,49.8,68.5,41.1,http://www.wikidata.org/entity/Q34433,grid.4991.5,
10,11,9,Yale University,Yale-University,unitedstates,54.6,48.6,44.9,58.5,56.3,62,37,http://www.wikidata.org/entity/Q49112,grid.47100.32,
11,12,10,Cornell University,Cornell-University,unitedstates,52.6,42.3,51.1,54.3,49.9,59.5,38.1,http://www.wikidata.org/entity/Q49115,grid.5386.8,
12,13,11,"University of California, Los Angeles",University-of-California-Los-Angeles,unitedstates,52.2,27.2,42.6,56.9,49.2,75.1,31.2,http://www.wikidata.org/entity/Q174710,grid.19006.3e,
13,14,12,"University of California, San Diego",University-of-California-San-Diego,unitedstates,50,15.1,35.8,60.2,54.6,65.1,37.9,http://www.wikidata.org/entity/Q622664,grid.266100.3,
14,15,13,University of Pennsylvania,University-of-Pennsylvania,unitedstates,49,32.9,34.3,57.1,46.9,68.6,28.5,http://www.wikidata.org/entity/Q49117,grid.25879.31,
15,16,14,University of Washington,University-of-Washington,unitedstates,48.7,24.4,31.7,53.9,51.6,72.5,28.1,http://www.wikidata.org/entity/Q219563,grid.34477.33,
16,17,15,University of Wisconsin - Madison,University-of-Wisconsin---Madison,unitedstates,46.4,36.5,35.4,51.9,40.2,66.1,25.7,http://www.wikidata.org/entity/Q838330,grid.14003.36,
17,18,16,The Johns Hopkins University,The-Johns-Hopkins-University,unitedstates,46,43.6,32.1,42,49.4,64,27.2,,grid.21107.35,103
18,18,17,"University of California, San Francisco",University-of-California-San-Francisco,unitedstates,46,0,40.1,53.4,51.8,60.7,33.6,http://www.wikidata.org/entity/Q1061104,grid.266102.1,
19,20,1,The University of Tokyo,The-University-of-Tokyo,japan,45.9,33.3,14.1,42,52,80.4,34.5,http://www.wikidata.org/entity/Q7842,grid.26999.3d,
20,21,3,University College London,University-College-London,unitedkingdom,44.4,32.9,32.1,39.4,44.6,67,31.6,http://www.wikidata.org/entity/Q193196,grid.83440.3b,
21,22,18,University of Michigan - Ann Arbor,University-of-Michigan---Ann-Arbor,unitedstates,44.2,36.5,0,59.8,43.4,79.8,26.3,,grid.214458.e,103
22,23,1,Swiss Federal Institute of Technology Zurich,Swiss-Federal-Institute-of-Technology-Zurich,switzerland,43.4,34.1,36.1,36.3,43.6,53.6,47.1,http://www.wikidata.org/entity/Q11942,grid.5801.c,
23,24,2,Kyoto University,Kyoto-University,japan,43.1,33.7,34.7,38.1,36,67.6,31,http://www.wikidata.org/entity/Q336264,grid.258799.8,
24,25,19,University of Illinois at Urbana-Champaign,University-of-Illinois-at-Urbana-Champaign,unitedstates,42.6,35.4,36.5,42.6,37.1,58.6,27.8,http://www.wikidata.org/entity/Q457281,grid.35403.31,
25,26,4,"The Imperial College of Science, Technology and Medicine",The-Imperial-College-of-Science-Technology-and-Medicine,unitedkingdom,41.9,17.7,37.2,41.4,36.9,62.3,33,,grid.7445.2,103
26,27,1,University of Toronto,University-of-Toronto,canada,41.8,23.8,19.2,38.8,38.3,80.3,27.9,http://www.wikidata.org/entity/Q180865,grid.17063.33,
27,28,20,"University of Minnesota, Twin Cities",University-of-Minnesota-Twin-Cities,unitedstates,40.6,30.6,16.2,50.4,36.1,66.6,23.9,http://www.wikidata.org/entity/Q238101,grid.17635.36,
28,29,21,Northwestern University,Northwestern-University,unitedstates,38.4,18.5,18.9,48.3,35.9,59.7,28.4,http://www.wikidata.org/entity/Q309350,grid.16753.36,
29,30,22,Washington University in St. Louis,Washington-University-in-St-Louis,unitedstates,38.1,21.3,25.9,38.8,41,54.8,26.7,http://www.wikidata.org/entity/Q777403,grid.4367.6,
30,31,23,New York University,New-York-University,unitedstates,37.8,32.4,24.4,40.7,36.2,54.4,22.4,http://www.wikidata.org/entity/Q49210,grid.137628.9,
31,32,24,"University of California, Santa Barbara",University-of-California-Santa-Barbara,unitedstates,37.1,16,35.1,42,33.3,42.6,37.3,http://www.wikidata.org/entity/Q263064,grid.133342.4,
32,32,24,University of Colorado at Boulder,University-of-Colorado-at-Boulder,unitedstates,37.1,14.1,30.7,38.8,41.7,44.7,33.5,http://www.wikidata.org/entity/Q736674,grid.266190.a,
33,34,26,Rockefeller University,Rockefeller-University,unitedstates,36.7,19.2,58.4,28.8,42.3,21,35.6,http://www.wikidata.org/entity/Q270272,grid.134907.8,
34,35,27,Duke University,Duke-University,unitedstates,35.3,17.7,0,45.8,42.2,62,24.4,http://www.wikidata.org/entity/Q168751,grid.26009.3d,
35,36,2,University of British Columbia,University-of-British-Columbia,canada,34.7,17.7,18.9,32.2,30.8,65.7,23.7,http://www.wikidata.org/entity/Q391028,grid.17091.3e,
36,36,28,"University of Maryland, College Park",University-of-Maryland-College-Park,unitedstates,34.7,22,19.9,41.4,29,53.6,26.2,http://www.wikidata.org/entity/Q503415,grid.164295.d,
37,38,29,The University of Texas at Austin,The-University-of-Texas-at-Austin,unitedstates,34.5,18.5,16.6,46.1,28.4,54.4,24.7,http://www.wikidata.org/entity/Q49213,grid.89336.37,
38,39,1,Pierre and Marie  Curie University - Paris 6,Pierre-and-Marie--Curie-University---Paris-6,france,34.2,34.8,23.5,24.9,28.8,59.9,21.9,,grid.5805.8,103
39,40,1,University of Copenhagen,University-of-Copenhagen,denmark,33.4,26.1,24.1,26,26,56.4,32.3,http://www.wikidata.org/entity/Q186285,grid.5254.6,
40,41,30,University of North Carolina at Chapel Hill,University-of-North-Carolina-at-Chapel-Hill,unitedstates,33.3,10.7,16.2,39.4,27.7,60.6,23.9,http://www.wikidata.org/entity/Q192334,grid.10698.36,
41,42,1,Karolinska Institute,Karolinska-Institute,sweden,33.2,26.1,27.2,31.4,20.5,49.9,38.1,http://www.wikidata.org/entity/Q219564,grid.4714.6,
42,43,31,Pennsylvania State University - University Park,Pennsylvania-State-University---University-Park,unitedstates,32.6,11.9,0,46.6,37.4,56.1,23.2,http://www.wikidata.org/entity/Q739627,grid.29857.31,
43,44,5,The University of Manchester,The-University-of-Manchester,unitedkingdom,32.4,23.2,18.9,27.9,28,59.1,23.1,http://www.wikidata.org/entity/Q230899,grid.5379.8,
44,45,2,University of Paris Sud (Paris 11),University-of-Paris-Sud-(Paris-11),france,32.3,31.7,46,12.5,20.8,49.9,23.6,http://www.wikidata.org/entity/Q1480643,grid.5842.b,
45,46,32,"University of California, Davis",University-of-California-Davis,unitedstates,32,0,0,47.2,31.7,63,26,http://www.wikidata.org/entity/Q129421,grid.27860.3b,
46,46,32,"University of California, Irvine",University-of-California-Irvine,unitedstates,32,0,29.3,36.7,26.3,49.3,26.9,http://www.wikidata.org/entity/Q868421,grid.266093.8,
47,46,32,University of Southern California,University-of-Southern-California,unitedstates,32,0,26.7,38.8,26.3,53.1,20,http://www.wikidata.org/entity/Q4614,grid.42505.36,
48,49,35,The University of Texas Southwestern Medical Center at Dallas,The-University-of-Texas-Southwestern-Medical-Center-at-Dallas,unitedstates,31.8,20.6,33.1,30.5,29.9,38.4,23.5,http://www.wikidata.org/entity/Q2725999,grid.267313.2,
49,50,1,Utrecht University,Utrecht-University,netherlands,31.7,26.1,20.9,27.9,30.4,48.2,26.1,http://www.wikidata.org/entity/Q221653,grid.5477.1,
50,51,2,University of Zurich,University-of-Zurich,switzerland,31.2,10.7,26.7,26.4,28.7,50.6,27,http://www.wikidata.org/entity/Q206702,grid.7400.3,
51,52,1,University of Munich,University-of-Munich,germany,31.1,31.5,22.8,16.1,26.3,54.5,30.7,http://www.wikidata.org/entity/Q55044,grid.5252.0,
52,53,36,Vanderbilt University,Vanderbilt-University,unitedstates,31,17.7,29.5,31.4,20.2,50.8,19.1,http://www.wikidata.org/entity/Q29052,grid.152326.1,
53,54,37,"Rutgers, The State University of New Jersey",Rutgers-The-State-University-of-New-Jersey,unitedstates,30.9,13.1,19.9,40.1,27.9,43.7,23.2,,grid.430387.b,103
54,54,6,The University of Edinburgh,The-University-of-Edinburgh,unitedkingdom,30.9,19.2,16.6,26,34.2,51.3,23.9,http://www.wikidata.org/entity/Q160302,grid.4305.2,
55,56,2,Technical University Munich,Technical-University-Munich,germany,30.7,39.2,23.5,24.9,19.5,46.5,29.2,http://www.wikidata.org/entity/Q157808,grid.6936.a,
56,56,38,University of Pittsburgh,University-of-Pittsburgh,unitedstates,30.7,21.3,0,42,23.4,63.1,19,,grid.21925.3d,101
57,58,39,Carnegie Mellon University,Carnegie-Mellon-University,unitedstates,30.2,32.9,32.7,30.5,15.2,34.2,34.3,http://www.wikidata.org/entity/Q190080,grid.147455.6,
58,59,1,The Australian National University,The-Australian-National-University,australia,29.6,15.1,12.6,36,27.8,43.8,31.1,http://www.wikidata.org/entity/Q127990,grid.1001.0,
59,59,40,The Ohio State University - Columbus,The-Ohio-State-University---Columbus,unitedstates,29.6,15.1,0,41.7,22.8,62,19.1,http://www.wikidata.org/entity/Q309331,grid.261331.4,
60,61,3,McGill University,McGill-University,canada,29.5,31.1,0,32.2,22.9,59.6,25.3,http://www.wikidata.org/entity/Q201492,grid.14709.3b,
61,62,2,University of Melbourne,University-of-Melbourne,australia,29.3,19.9,14.1,22.8,18.7,63.1,27,,grid.1008.9,101
62,63,7,King's College London,Kings-College-London,unitedkingdom,29.1,14.1,23,31.4,16.7,50.7,25,http://www.wikidata.org/entity/Q245247,grid.13097.3c,
63,63,3,University of Heidelberg,University-of-Heidelberg,germany,29.1,16.9,27,17.6,23,50.6,28.6,,grid.7700.0,103
64,65,41,Brown University,Brown-University,unitedstates,29,16,13.6,31.4,29.6,41.9,32.1,http://www.wikidata.org/entity/Q49114,grid.40263.33,
65,66,8,University of Bristol,University-of-Bristol,unitedkingdom,28.9,9.2,17.8,28.8,29.1,47.3,25.1,http://www.wikidata.org/entity/Q459506,grid.5337.2,
66,66,2,Uppsala University,Uppsala-University,sweden,28.9,22,32.1,14.4,19.9,49.5,26.6,http://www.wikidata.org/entity/Q185246,grid.8993.b,
67,68,42,University of Florida,University-of-Florida,unitedstates,28.8,19.2,0,36.7,20.6,63.9,17.5,http://www.wikidata.org/entity/Q501758,grid.15276.37,
68,69,43,Purdue University - West Lafayette,Purdue-University---West-Lafayette,unitedstates,28.6,16,16.6,29.7,22.4,51.8,20.6,http://www.wikidata.org/entity/Q217741,grid.169077.e,
69,70,2,Leiden University,Leiden-University,netherlands,28.4,21.3,15.4,27.9,19.9,47.8,32.4,http://www.wikidata.org/entity/Q156598,grid.5132.5,
70,71,3,Ecole Normale Superieure - Paris,Ecole-Normale-Superieure---Paris,france,28.3,50.8,24.4,12.5,18.7,27.9,56.7,http://www.wikidata.org/entity/Q83259,grid.5607.4,
71,72,1,The Hebrew University of Jerusalem,The-Hebrew-University-of-Jerusalem,israel,28.1,31.5,19.9,24.9,20.8,41.6,26.5,http://www.wikidata.org/entity/Q174158,grid.9619.7,
72,72,1,University of Helsinki,University-of-Helsinki,finland,28.1,16,17.8,22.8,20.6,52.7,28.2,http://www.wikidata.org/entity/Q28695,grid.7737.4,
73,74,1,Moscow State University,Moscow-State-University,russia,27.9,46.8,34.1,0,9.6,52.4,31.2,http://www.wikidata.org/entity/Q13164,grid.14476.30,
74,75,3,Osaka University,Osaka-University,japan,27.7,10.7,0,26.9,27.9,60.2,27.8,http://www.wikidata.org/entity/Q651233,grid.136593.b,
75,75,1,University of Oslo,University-of-Oslo,norway,27.7,22,33.3,17.6,13.5,46.6,24.3,http://www.wikidata.org/entity/Q486156,grid.5510.1,
76,77,44,Boston University,Boston-University,unitedstates,27.3,13.1,11.5,29.7,24.7,50,19.3,http://www.wikidata.org/entity/Q49110,grid.189504.1,
77,78,45,University of Arizona,University-of-Arizona,unitedstates,26.8,0,0,29.7,37.5,52.1,21.6,http://www.wikidata.org/entity/Q503419,grid.134563.6,
78,79,3,Stockholm University,Stockholm-University,sweden,26.4,25,29.5,16.1,20.4,37.5,24.2,http://www.wikidata.org/entity/Q221645,grid.10548.38,
79,79,4,Nagoya University,Nagoya-University,japan,26.4,24.4,14.1,16.1,24.3,48.1,26.1,http://www.wikidata.org/entity/Q1191132,grid.27476.30,
80,81,46,Arizona State University - Tempe,Arizona-State-University---Tempe,unitedstates,26.1,0,19.9,24.9,26.9,44.3,21.1,,grid.215654.1,103
81,82,47,University of Rochester,University-of-Rochester,unitedstates,25.8,0,11.5,30.5,27,46.6,19.2,http://www.wikidata.org/entity/Q149990,grid.16416.34,
82,82,47,University of Utah,University-of-Utah,unitedstates,25.8,28.2,8.9,26.9,20.6,43.3,21.9,http://www.wikidata.org/entity/Q168515,grid.223827.e,
83,84,5,Tohoku University,Tohoku-University,japan,25.7,16,0,21.6,20.8,60.3,27.4,http://www.wikidata.org/entity/Q1062129,grid.69566.3a,
84,84,9,University of Nottingham,University-of-Nottingham,unitedkingdom,25.7,13.1,19.9,23.9,16.1,47.6,20.9,http://www.wikidata.org/entity/Q472316,grid.4563.4,
85,86,49,Michigan State University,Michigan-State-University,unitedstates,25.5,10.7,0,37.4,19.1,52.4,18.7,http://www.wikidata.org/entity/Q270222,grid.17088.36,
86,86,3,University of Basel,University-of-Basel,switzerland,25.5,22,17,22.8,19.4,36.2,34.5,http://www.wikidata.org/entity/Q372608,grid.6612.3,
87,88,4,McMaster University,McMaster-University,canada,25.2,14.1,18.9,22.8,14.8,47.3,22.8,http://www.wikidata.org/entity/Q632891,grid.25073.33,
88,88,10,The University of Sheffield,The-University-of-Sheffield,unitedkingdom,25.2,19.9,14.1,21,21.3,44.3,22.6,http://www.wikidata.org/entity/Q823917,grid.11835.3e,
89,90,1,Ghent University,Ghent-University,belgium,25.1,7.5,15.4,17.6,15.1,54.4,30.4,http://www.wikidata.org/entity/Q1137665,grid.5342.0,
90,90,50,Indiana University Bloomington,Indiana-University-Bloomington,unitedstates,25.1,11.9,22.7,24.9,18.5,39.9,19.6,http://www.wikidata.org/entity/Q1079140,grid.411377.7,
91,92,3,University of Sydney,University-of-Sydney,australia,25,16.9,0,20.4,18.4,61.4,25.1,http://www.wikidata.org/entity/Q487556,grid.1013.3,
92,93,4,University of Bonn,University-of-Bonn,germany,24.9,16.9,19.9,14.4,23.3,42.5,24.3,http://www.wikidata.org/entity/Q152171,grid.10388.32,
93,93,4,University of Goettingen,University-of-Goettingen,germany,24.9,32.9,19.9,14.4,17.2,40.7,24.3,http://www.wikidata.org/entity/Q152838,grid.7450.6,
94,95,51,Texas A&M; University - College Station,Texas-AM-University---College-Station,unitedstates,24.8,0,0,34.5,21,54,21,,grid.264756.4,103
95,96,52,University of Virginia,University-of-Virginia,unitedstates,24.5,0,0,34.5,26.8,47.5,19.5,http://www.wikidata.org/entity/Q213439,grid.27755.32,
96,97,53,Case Western Reserve University,Case-Western-Reserve-University,unitedstates,24.3,34.5,11.5,21.6,14.3,41.9,22.7,http://www.wikidata.org/entity/Q1047060,grid.67105.35,
97,98,2,Aarhus University,Aarhus-University,denmark,24.2,13.1,18.9,7.2,23.5,48.4,25.4,http://www.wikidata.org/entity/Q924265,grid.7048.b,
98,99,54,Rice University,Rice-University,unitedstates,24,18.5,21.8,21.6,18.8,30.2,29.6,http://www.wikidata.org/entity/Q842909,grid.21940.3e,
99,99,11,University of Birmingham,University-of-Birmingham,unitedkingdom,24,21.3,10.9,21.6,16.2,46.4,20.7,http://www.wikidata.org/entity/Q223429,grid.6572.6,
100,101-150,55-69,Baylor College of Medicine,Baylor-College-of-Medicine,unitedstates,,0,0,19,32.1,41,20,http://www.wikidata.org/entity/Q2892284,grid.39382.33,
101,101-150,4-Feb,Catholic University of Leuven,Catholic-University-of-Leuven,belgium,,0,0,21.6,15,53.8,25.5,,grid.5596.f,103
102,101-150,4-Feb,Catholic University of Louvain,Catholic-University-of-Louvain,belgium,,11.9,13.6,17.6,13.8,41.9,28.3,http://www.wikidata.org/entity/Q378134,grid.7942.8,
103,101-150,55-69,Emory University,Emory-University,unitedstates,,0,0,30.5,24.1,50.5,18.1,http://www.wikidata.org/entity/Q621043,grid.189967.8,
104,101-150,55-69,Georgia Institute of Technology,Georgia-Institute-of-Technology,unitedstates,,14.1,0,26,23.8,45.2,27.1,http://www.wikidata.org/entity/Q864855,grid.213917.f,
105,101-150,4,Lund University,Lund-University,sweden,,25,0,24.9,17,50.1,21.8,http://www.wikidata.org/entity/Q218506,grid.4514.4,
106,101-150,55-69,Mayo Medical School,Mayo-Medical-School,unitedstates,,0,0,24.9,16.1,48,24.7,http://www.wikidata.org/entity/Q48977467,grid.66875.3a,103
107,101-150,1,National Taiwan University,National-Taiwan-University,"taiwan,china",,13.1,0,16.1,11.6,59.6,19.7,http://www.wikidata.org/entity/Q32746,grid.19188.39,
108,101-150,1,National University of Singapore,National-University-of-Singapore,singapore,,0,0,10.2,14.6,59.1,27,http://www.wikidata.org/entity/Q738236,grid.4280.e,
109,101-150,55-69,North Carolina State University - Raleigh,North-Carolina-State-University---Raleigh,unitedstates,,0,0,27.9,15.9,42.9,19.2,http://www.wikidata.org/entity/Q1132346,grid.40803.3f,
110,101-150,55-69,Oregon State University,Oregon-State-University,unitedstates,,13.1,0,26.9,24.7,36.5,23.8,http://www.wikidata.org/entity/Q861888,grid.4391.f,
111,101-150,1,Seoul National University,Seoul-National-University,southkorea,,0,0,7.2,13.1,66.5,20.3,http://www.wikidata.org/entity/Q39913,grid.31501.36,
112,101-150,5-Apr,Swiss Federal Institute of Technology of Lausanne,Swiss-Federal-Institute-of-Technology-of-Lausanne,switzerland,,0,0,23.9,20.1,40.4,34,,grid.5333.6,103
113,101-150,4-Feb,Technion-Israel Institute of Technology,Technion-Israel-Institute-of-Technology,israel,,16,23,16.1,14,36.9,21.7,http://www.wikidata.org/entity/Q333705,grid.6451.6,
114,101-150,4-Feb,Tel Aviv University,Tel-Aviv-University,israel,,0,0,23.9,15.9,50.9,25.5,http://www.wikidata.org/entity/Q319239,grid.12136.37,
115,101-150,55-69,The University of Georgia,The-University-of-Georgia,unitedstates,,0,0,26.9,19.8,44.2,18.5,http://www.wikidata.org/entity/Q761534,grid.213876.9,
116,101-150,5-Apr,The University of Queensland,The-University-of-Queensland,australia,,14.1,0,12.5,24,57.3,25.9,http://www.wikidata.org/entity/Q866012,grid.1003.2,
117,101-150,5-Apr,The University of Western Australia,The-University-of-Western-Australia,australia,,15.1,14.1,21.6,13.1,42.6,26.4,http://www.wikidata.org/entity/Q1517021,grid.1012.2,
118,101-150,6,Tokyo Institute of Technology,Tokyo-Institute-of-Technology,japan,,14.1,0,21.6,22.8,44.4,29.5,http://www.wikidata.org/entity/Q587326,grid.32197.3e,
119,101-150,55-69,Tufts University,Tufts-University,unitedstates,,16,16.6,22.8,13,37.4,25.9,http://www.wikidata.org/entity/Q49120,grid.429997.8,
120,101-150,4-Feb,University Libre Bruxelles,University-Libre-Bruxelles,belgium,,18.5,18.9,12.5,13.1,32,25.6,,grid.4989.c,103
121,101-150,6-May,University of Alberta,University-of-Alberta,canada,,13.1,0,20.4,21.3,56.9,21.8,http://www.wikidata.org/entity/Q640694,grid.17089.37,
122,101-150,6-Mar,University of Amsterdam,University-of-Amsterdam,netherlands,,7.5,0,19,20.9,51.9,26.3,http://www.wikidata.org/entity/Q214341,grid.7177.6,
123,101-150,55-69,"University of California, Riverside",University-of-California-Riverside,unitedstates,,14.1,0,27.9,26.6,34.4,27.9,http://www.wikidata.org/entity/Q1075148,grid.266097.c,
124,101-150,55-69,"University of California, Santa Cruz",University-of-California-Santa-Cruz,unitedstates,,0,0,27.9,32,30.8,31.7,http://www.wikidata.org/entity/Q1047293,grid.205975.c,
125,101-150,10-Jun,University of Frankfurt,University-of-Frankfurt,germany,,34.1,8.9,19,16.6,39.6,23.4,http://www.wikidata.org/entity/Q50662,grid.7839.5,
126,101-150,10-Jun,University of Freiburg,University-of-Freiburg,germany,,21.3,20.9,16.1,18,37.4,22.5,http://www.wikidata.org/entity/Q153987,grid.5963.9,
127,101-150,5-Apr,University of Geneva,University-of-Geneva,switzerland,,25,0,20.4,24.9,37.2,24.5,http://www.wikidata.org/entity/Q503473,grid.8591.5,
128,101-150,6-Mar,University of Groningen,University-of-Groningen,netherlands,,0,19.9,17.6,16.3,46.2,26.7,http://www.wikidata.org/entity/Q850730,grid.4830.f,
129,101-150,55-69,University of Hawaii at Manoa,University-of-Hawaii-at-Manoa,unitedstates,,0,0,26,27.9,37.6,18.8,http://www.wikidata.org/entity/Q2000129,grid.410445.0,
130,101-150,55-69,University of Iowa,University-of-Iowa,unitedstates,,0,0,33,23.6,46.7,19.2,http://www.wikidata.org/entity/Q182973,grid.214572.7,
131,101-150,14-Dec,University of Leeds,University-of-Leeds,unitedkingdom,,19.2,0,14.4,22.8,44,19.3,http://www.wikidata.org/entity/Q503424,grid.9909.9,
132,101-150,14-Dec,University of Liverpool,University-of-Liverpool,unitedkingdom,,19.9,15.4,12.5,17.6,40.3,20.1,http://www.wikidata.org/entity/Q499510,grid.10025.36,
133,101-150,55-69,University of Massachusetts Amherst,University-of-Massachusetts-Amherst,unitedstates,,15.1,0,33,17.5,36,22.3,http://www.wikidata.org/entity/Q15142,grid.266683.f,
134,101-150,55-69,University of Massachusetts Medical School - Worcester,University-of-Massachusetts-Medical-School---Worcester,unitedstates,,0,19.9,14.4,26.7,28.2,21.2,http://www.wikidata.org/entity/Q7895715,grid.168645.8,
135,101-150,55-69,University of Miami,University-of-Miami,unitedstates,,0,0,23.9,20.7,43.2,16.2,http://www.wikidata.org/entity/Q738258,grid.26790.3a,
136,101-150,3-Jan,University of Milan,University-of-Milan,italy,,19.2,0,19,13.2,48.6,19.4,http://www.wikidata.org/entity/Q46210,grid.4708.b,
137,101-150,6-May,University of Montreal,University-of-Montreal,canada,,13.1,0,14.4,18,53.4,20.8,http://www.wikidata.org/entity/Q392189,grid.14848.31,
138,101-150,10-Jun,University of Muenster,University-of-Muenster,germany,,21.3,15.4,12.5,15,35.8,20.2,http://www.wikidata.org/entity/Q168426,grid.5949.1,
139,101-150,5-Apr,University of Paris Diderot (Paris 7),University-of-Paris-Diderot-(Paris-7),france,,15.5,13.8,14.4,21.9,42,16.5,,grid.7452.4,103
140,101-150,3-Jan,University of Pisa,University-of-Pisa,italy,,16,23.5,16.1,4.1,38.9,18.5,http://www.wikidata.org/entity/Q645663,grid.5395.a,
141,101-150,3-Jan,University of Roma - La Sapienza,University-of-Roma---La-Sapienza,italy,,14.1,15.4,10.2,13.7,50.6,14,,grid.7841.a,103
142,101-150,1,University of Sao Paulo,University-of-Sao-Paulo,brazil,,0,0,10.2,13.3,76.3,15.4,http://www.wikidata.org/entity/Q835960,grid.11899.38,
143,101-150,5-Apr,University of Strasbourg,University-of-Strasbourg,france,,25,22.4,17.6,15.9,36.6,19.3,http://www.wikidata.org/entity/Q157575,grid.11843.3f,
144,101-150,14-Dec,University of Sussex,University-of-Sussex,unitedkingdom,,0,22.7,19,15.7,27.1,25.2,http://www.wikidata.org/entity/Q1161297,grid.12082.39,
145,101-150,10-Jun,University of Tuebingen,University-of-Tuebingen,germany,,25,0,14.4,17.4,42,22.2,http://www.wikidata.org/entity/Q153978,grid.10392.39,
146,101-150,6-Mar,University of Wageningen,University-of-Wageningen,netherlands,,0,0,28.8,14.3,39.3,30.3,http://www.wikidata.org/entity/Q422208,grid.4818.5,
147,101-150,10-Jun,University of Wuerzburg,University-of-Wuerzburg,germany,,21.3,8.9,23.3,13.7,35,20.8,http://www.wikidata.org/entity/Q161976,grid.8379.5,
148,101-150,6-Mar,VU University Amsterdam,VU-University-Amsterdam,netherlands,,0,0,23.9,13.4,51.8,28.2,http://www.wikidata.org/entity/Q1065414,grid.12380.38,
149,101-150,4-Feb,Weizmann Institute of Science,Weizmann-Institute-of-Science,israel,,14.1,16.2,23.9,28,29.4,22.2,http://www.wikidata.org/entity/Q4182,grid.13992.30,
150,151-200,15-19,Cardiff University,Cardiff-University,unitedkingdom,,0,16.2,7.2,20.3,42.2,17.5,http://www.wikidata.org/entity/Q1035745,grid.5600.3,
151,151-200,70-89,Colorado State University,Colorado-State-University,unitedstates,,0,0,27.9,13.8,37.1,20.4,http://www.wikidata.org/entity/Q1111640,grid.47894.36,
152,151-200,70-89,Dartmouth College,Dartmouth-College,unitedstates,,20.6,0,22.8,18.1,30.7,22.6,http://www.wikidata.org/entity/Q49116,grid.254880.3,
153,151-200,9-Jul,Delft University of Technology,Delft-University-of-Technology,netherlands,,13.1,0,7.2,21.5,40.3,21.5,http://www.wikidata.org/entity/Q752663,grid.5292.c,
154,151-200,9-Jul,Erasmus University Rotterdam,Erasmus-University,netherlands,,0,15.4,21.6,5.2,33.5,25.6,,grid.6906.9,101
155,151-200,70-89,Florida State University,Florida-State-University,unitedstates,,0,0,20.4,18.4,39.5,19,http://www.wikidata.org/entity/Q861548,grid.255986.5,
156,151-200,70-89,George Mason University,George-Mason-University,unitedstates,,0,32.1,10.2,7.1,28.5,17.8,http://www.wikidata.org/entity/Q1411222,grid.22448.38,
157,151-200,9-Jul,Hokkaido University,Hokkaido-University,japan,,0,0,16.1,16.1,47.7,20.3,http://www.wikidata.org/entity/Q1057199,grid.39158.36,
158,151-200,70-89,Iowa State University,Iowa-State-University,unitedstates,,0,0,22.8,13.7,42.9,20.2,http://www.wikidata.org/entity/Q1136919,grid.34421.30,
159,151-200,7-Jun,Joseph Fourier University (Grenoble 1),Joseph-Fourier-University-(Grenoble-1),france,,0,15.4,10.2,19.8,37.9,17.3,,grid.9621.c,103
160,151-200,9-Jul,Kyushu University,Kyushu-University,japan,,0,0,14.4,17.6,49.7,20.7,http://www.wikidata.org/entity/Q1188786,grid.177174.3,
161,151-200,70-89,Louisiana State University - Baton Rouge,Louisiana-State-University---Baton-Rouge,unitedstates,,0,0,19,16,38,15.3,http://www.wikidata.org/entity/Q1521725,grid.64337.35,
162,151-200,7-Jun,Monash University,Monash-University,australia,,0,0,10.2,16.2,52.4,20.7,http://www.wikidata.org/entity/Q598841,grid.1002.3,
163,151-200,70-89,Mount Sinai School of Medicine,Mount-Sinai-School-of-Medicine,unitedstates,,0,0,19,19.3,35.4,17.8,,grid.59734.3c,103
164,151-200,1,National Autonomous University of Mexico,National-Autonomous-University-of-Mexico,mexico,,14.1,0,7.2,12.7,50.6,23.4,http://www.wikidata.org/entity/Q222738,grid.9486.3,
165,151-200,70-89,Oregon Health and Science University,Oregon-Health-and-Science-University,unitedstates,,0,0,19,19.7,35.4,20.6,http://www.wikidata.org/entity/Q282097,grid.5288.7,
166,151-200,2-Jan,Peking University,Peking-University,china,,0,0,0,13.5,59,17.1,http://www.wikidata.org/entity/Q16952,grid.11135.37,
167,151-200,9-Jul,Radboud University Nijmegen,Radboud-University-Nijmegen,netherlands,,0,0,10.2,19.4,48.5,29.9,http://www.wikidata.org/entity/Q632004,grid.5590.9,
168,151-200,70-89,State University of New York at Stony Brook,State-University-of-New-York-at-Stony-Brook,unitedstates,,0,0,19,22.8,37.9,18.2,,grid.36425.36,103
169,151-200,3,Technical University of Denmark,Technical-University-of-Denmark,denmark,,7.5,12.6,17.6,13.9,36.5,19.7,http://www.wikidata.org/entity/Q1269766,grid.5170.3,
170,151-200,1,The Chinese University of Hong Kong,The-Chinese-University-of-Hong-Kong,"hongkong,china",,0,14.1,14.4,6.1,43.1,21.5,http://www.wikidata.org/entity/Q15570,grid.10784.3a,
171,151-200,70-89,The University of Alabama at Birmingham,The-University-of-Alabama-at-Birmingham,unitedstates,,0,0,16.1,18.5,42.4,15.3,,grid.265892.2,103
172,151-200,8-Jul,The University of Calgary,The-University-of-Calgary,canada,,0,0,10.2,17,46.2,17.2,http://www.wikidata.org/entity/Q1067471,grid.22072.35,
173,151-200,70-89,The University of Connecticut - Storrs,The-University-of-Connecticut---Storrs,unitedstates,,13.1,0,16.1,13.5,37,17,,grid.63054.34,103
174,151-200,15-19,The University of Glasgow,The-University-of-Glasgow,unitedkingdom,,10.7,0,21.6,15.5,42.8,17.8,http://www.wikidata.org/entity/Q192775,grid.8756.c,
175,151-200,70-89,The University of Texas Health Science Center at Houston,The-University-of-Texas-Health-Science-Center-at-Houston,unitedstates,,0,15.4,17.6,16.4,30.4,18.6,http://www.wikidata.org/entity/Q7896431,grid.267308.8,
176,151-200,70-89,The University of Texas M. D. Anderson Cancer Center,The-University-of-Texas-M-D-Anderson-Cancer-Center,unitedstates,,0,0,21.6,15.6,42.8,27.5,http://www.wikidata.org/entity/Q1525831,grid.240145.6,
177,151-200,2-Jan,Tsinghua University,Tsinghua-University,china,,11.9,0,0,11.8,57.8,17,http://www.wikidata.org/entity/Q16955,grid.12527.33,
178,151-200,6,University of Bern,University-of-Bern,switzerland,,14.1,0,10.2,20.8,39.1,25.4,http://www.wikidata.org/entity/Q659080,grid.5734.5,
179,151-200,1,University of Buenos Aires,University-of-Buenos-Aires,argentina,,18.5,25.2,0,6.3,37.9,20.9,http://www.wikidata.org/entity/Q194223,grid.7345.5,
180,151-200,70-89,University of Delaware,University-of-Delaware,unitedstates,,11.9,0,22.8,13.3,32.8,18.3,http://www.wikidata.org/entity/Q1068072,grid.33489.35,
181,151-200,15-19,University of Durham,University-of-Durham,unitedkingdom,,0,0,19,18.6,33.3,20.5,,grid.8250.f,103
182,151-200,14-Nov,University of Hamburg,University-of-Hamburg,germany,,14.1,0,17.6,16.4,34.3,18.8,http://www.wikidata.org/entity/Q156725,grid.9026.d,
183,151-200,70-89,University of Illinois at Chicago,University-of-Illinois-at-Chicago,unitedstates,,0,0,26.9,9.6,46.1,17.6,http://www.wikidata.org/entity/Q955764,grid.185648.6,
184,151-200,14-Nov,University of Kiel,University-of-Kiel,germany,,13.1,15.4,10.2,12.2,32.9,17.8,http://www.wikidata.org/entity/Q156737,grid.9764.c,
185,151-200,14-Nov,University of Cologne,University-of-Cologne,germany,,0,12.6,7.2,20.8,37.9,19.9,http://www.wikidata.org/entity/Q54096,grid.6190.e,
186,151-200,14-Nov,University of Mainz,University-of-Mainz,germany,,0,8.1,17.6,19.6,38.1,20.6,http://www.wikidata.org/entity/Q161982,grid.5802.f,
187,151-200,70-89,"University of Maryland, Baltimore",University-of-Maryland-Baltimore,unitedstates,,0,0,22.8,16.5,38.6,17.8,http://www.wikidata.org/entity/Q4119470,grid.411024.2,
188,151-200,70-89,University of Nebraska - Lincoln,University-of-Nebraska---Lincoln,unitedstates,,19.9,0,16.1,14.8,33.4,15.9,http://www.wikidata.org/entity/Q1353679,grid.24434.35,
189,151-200,7-Jun,University of New South Wales,University-of-New-South-Wales,australia,,0,0,19,11.3,52.2,20.9,,grid.1005.4,103
190,151-200,4,University of Padua,University-of-Padua,italy,,0,0,12.5,18.8,48.8,18.7,http://www.wikidata.org/entity/Q193510,grid.5608.b,
191,151-200,7-Jun,University of Paris Descartes (Paris 5),University-of-Paris-Descartes-(Paris-5),france,,13.7,11.9,10.2,16.5,41.1,15.3,http://www.wikidata.org/entity/Q1155944,grid.10992.33,
192,151-200,15-19,University of Southampton,University-of-Southampton,unitedkingdom,,0,0,19,17.9,42.6,18.2,http://www.wikidata.org/entity/Q76473,grid.5491.9,
193,151-200,70-89,University of Tennessee - Knoxville,University-of-Tennessee---Knoxville,unitedstates,,11.9,0,21.6,17,39.1,14.8,http://www.wikidata.org/entity/Q1150105,grid.411461.7,
194,151-200,9-Jul,University of Tsukuba,University-of-Tsukuba,japan,,0,19.9,12.5,8.7,39.1,20,http://www.wikidata.org/entity/Q743615,grid.20515.33,
195,151-200,1,University of Vienna,University-of-Vienna,austria,,17.7,0,10.2,19.3,37.3,20.7,http://www.wikidata.org/entity/Q165980,grid.10420.37,
196,151-200,15-19,University of Warwick,University-of-Warwick,unitedkingdom,,0,0,24.4,14.8,37.5,20.3,http://www.wikidata.org/entity/Q865528,grid.7372.1,
197,151-200,8-Jul,University of Waterloo,University-of-Waterloo,canada,,0,0,19,10.3,41.7,21.1,http://www.wikidata.org/entity/Q1049470,grid.46078.3d,
198,151-200,70-89,Virginia Commonwealth University,Virginia-Commonwealth-University,unitedstates,,11.9,14.1,17.6,9.9,34.2,14.5,http://www.wikidata.org/entity/Q2303536,grid.224260.0,
199,151-200,70-89,Virginia Polytechnic Institute and State University,Virginia-Polytechnic-Institute-and-State-University,unitedstates,,13.1,0,21.6,15,40.8,17.4,http://www.wikidata.org/entity/Q65379,grid.438526.e,
200,201-300,4-Jan,Autonomous University of Madrid,Autonomous-University-of-Madrid,spain,,0,0,12.5,14.3,38.6,16.6,http://www.wikidata.org/entity/Q788091,grid.5515.4,
201,201-300,90-111,Brandeis University,Brandeis-University,unitedstates,,21.3,0,7.2,18.1,19.8,23.9,http://www.wikidata.org/entity/Q49119,grid.253264.4,
202,201-300,9-May,Chalmers University of Technology,Chalmers-University-of-Technology,sweden,,0,0,16.1,11.6,28.4,20.6,http://www.wikidata.org/entity/Q836805,grid.5371.0,
203,201-300,1,Charles University in Prague,Charles-University-in-Prague,czech,,13.1,0,0,12.3,43.1,18.5,http://www.wikidata.org/entity/Q31519,grid.4491.8,
204,201-300,90-111,City University of New York City College,City-University-of-New-York-City-College,unitedstates,,33.7,0,10.2,9.7,18,20.2,http://www.wikidata.org/entity/Q1093910,grid.254250.4,
205,201-300,13-Aug,Claude Bernard University Lyon 1,Claude-Bernard-University-Lyon-1,france,,13.1,0,0,19.7,40.2,14,http://www.wikidata.org/entity/Q4032,grid.7849.2,
206,201-300,4-Jan,Complutense University of Madrid,Complutense-University-of-Madrid,spain,,16.9,0,0,9,43.3,11.1,http://www.wikidata.org/entity/Q219694,grid.4795.f,
207,201-300,18-Sep,Dalhousie University,Dalhousie-University,canada,,0,0,14.4,15.6,34.5,17.4,http://www.wikidata.org/entity/Q579321,grid.55602.34,
208,201-300,13-Aug,Ecole Polytechnique,Ecole-Polytechnique,france,,19.2,0,7.2,9.2,28.6,21.2,http://www.wikidata.org/entity/Q273626,grid.10877.39,
209,201-300,7-Mar,Fudan University,Fudan-University,china,,0,0,0,9.2,48.8,17.4,http://www.wikidata.org/entity/Q495015,grid.8547.e,
210,201-300,13-Aug,Industrial Physics and Chemistry Higher Educational Institution - Paris,Industrial-Physics-and-Chemistry-Higher-Educational-Institution---Paris,france,,9.2,18.9,0,11.1,16.8,29,,grid.15736.36,103
211,201-300,10,Keio University,Keio-University,japan,,0,0,10.2,11.8,35.5,16.9,http://www.wikidata.org/entity/Q815432,grid.26091.3c,
212,201-300,4-Feb,Korea Advanced Institute of Science and Technology,Korea-Advanced-Institute-of-Science-and-Technology,southkorea,,0,0,7.2,15.7,40.5,29.7,http://www.wikidata.org/entity/Q39949,grid.37172.30,
213,201-300,4-Feb,Korea University,Korea-University,southkorea,,0,0,0,7,48.1,19.2,http://www.wikidata.org/entity/Q39997,grid.222754.4,
214,201-300,20-30,Lancaster University,Lancaster-University,unitedkingdom,,0,0,17.6,11.9,28.7,19.7,http://www.wikidata.org/entity/Q262854,grid.9835.7,
215,201-300,18-Sep,Laval University,Laval-University,canada,,0,0,16.1,10.6,39,16,http://www.wikidata.org/entity/Q1067935,grid.23856.3a,
216,201-300,20-30,London School of Economics and Political Science,London-School-of-Economics-and-Political-Science,unitedkingdom,,16.9,0,16.1,,26,24.8,http://www.wikidata.org/entity/Q174570,grid.13063.37,
217,201-300,9-Aug,Macquarie University,Macquarie-University,australia,,0,0,16.1,13.2,29.3,22.1,http://www.wikidata.org/entity/Q741082,grid.1004.5,
218,201-300,3-Feb,Medical University of Vienna,Medical-University-of-Vienna,austria,,11.9,15.4,7.2,7.9,33,18.4,http://www.wikidata.org/entity/Q700731,grid.22937.3d,
219,201-300,7-Mar,Nanjing University,Nanjing-University,china,,0,0,0,12.2,45.9,16.9,http://www.wikidata.org/entity/Q683580,grid.41156.37,
220,201-300,1,National and Kapodistrian University of Athens,National-and-Kapodistrian-University-of-Athens,greece,,0,0,12.5,5.1,42.6,19.5,http://www.wikidata.org/entity/Q547867,grid.5216.0,
221,201-300,2,National Cheng Kung University (NCKU),National-Cheng-Kung-University,"taiwan,china",,0,0,10.2,2.1,48.4,19.5,http://www.wikidata.org/entity/Q706708,grid.64523.36,
222,201-300,20-30,Newcastle University,Newcastle-University,unitedkingdom,,0,0,14.4,17.5,36.8,17.2,http://www.wikidata.org/entity/Q837164,grid.1006.7,
223,201-300,3-Feb,Norwegian University of Science and Technology,Norwegian-University-of-Science-and-Technology,norway,,16,0,10.2,15.1,36.7,17.6,,grid.5947.f,101
224,201-300,13-Aug,Paul Sabatier University (Toulouse 3),Paul-Sabatier-University-(Toulouse-3),france,,0,6.3,0,16.9,38.1,12.6,http://www.wikidata.org/entity/Q1273188,grid.15781.3a,
225,201-300,8-May,Polytechnic Institute of Milan,Polytechnic-Institute-of-Milan,italy,,9.2,15.4,0,7.7,30.4,14.8,http://www.wikidata.org/entity/Q392904,grid.4643.5,
226,201-300,20-30,"Queen Mary, U. of London",Queen-Mary-U-of-London,unitedkingdom,,20.6,0,16.1,16.9,27,17.3,,grid.4868.2,103
227,201-300,18-Sep,Queen's University,Queens-University,canada,,0,0,16.1,15.3,36.8,20.3,http://www.wikidata.org/entity/Q1420038,grid.410356.5,
228,201-300,20-30,Queen's University,Queens-University,unitedkingdom,,19.9,0,0,14.8,33.3,16.2,http://www.wikidata.org/entity/Q1420038,grid.4777.3,
229,201-300,90-111,Rensselaer Polytechnic Institute,Rensselaer-Polytechnic-Institute,unitedstates,,14.1,0,17.6,11.3,25.1,22.8,http://www.wikidata.org/entity/Q49211,grid.33647.35,
230,201-300,9-May,Royal Institute of Technology,Royal-Institute-of-Technology,sweden,,0,15.4,0,9.2,36.2,22.3,,grid.5037.1,101
231,201-300,15-23,RWTH Aachen University,RWTH-Aachen-University,germany,,5.3,0,7.2,10.3,39.2,18.1,http://www.wikidata.org/entity/Q273263,grid.1957.a,
232,201-300,7-Mar,Shanghai Jiao Tong University,Shanghai-Jiao-Tong-University,china,,0,0,0,7.2,58.1,18,http://www.wikidata.org/entity/Q525169,grid.16821.3c,
233,201-300,18-Sep,Simon Fraser University,Simon-Fraser-University,canada,,0,0,14.4,9.2,34.7,18.2,http://www.wikidata.org/entity/Q201603,grid.61971.38,
234,201-300,2,State University of Campinas,State-University-of-Campinas,brazil,,0,0,7.2,7.8,44.3,19.9,,grid.411087.b,101
235,201-300,90-111,State University of New York at Buffalo,State-University-of-New-York-at-Buffalo,unitedstates,,0,0,16.1,7.5,39.5,15.1,,grid.273335.3,103
236,201-300,9-May,Swedish University of Agricultural Sciences,Swedish-University-of-Agricultural-Sciences,sweden,,0,0,12.5,12.1,28.6,22.7,http://www.wikidata.org/entity/Q1312762,grid.6341.0,
237,201-300,15-23,Technical University of Berlin,Technical-University-of-Berlin,germany,,19.9,0,16.1,7.7,29.4,16.2,http://www.wikidata.org/entity/Q51985,grid.6734.6,
238,201-300,90-111,The George Washington University,The-George-Washington-University,unitedstates,,13.1,0,12.5,10.8,32.5,16.2,http://www.wikidata.org/entity/Q432637,grid.253615.6,
239,201-300,4-Feb,The Hong Kong Polytechnic University,The-Hong-Kong-Polytechnic-University,"hongkong,china",,0,0,14.4,1.5,39.6,18.2,http://www.wikidata.org/entity/Q1187271,grid.16890.36,
240,201-300,4-Feb,The Hong Kong University of Science and Technology,The-Hong-Kong-University-of-Science-and-Technology,"hongkong,china",,0,0,16.1,5.7,32.7,23.6,http://www.wikidata.org/entity/Q1333303,grid.24515.37,
241,201-300,9-Aug,The University of Adelaide,The-University-of-Adelaide,australia,,16.9,0,10.2,11.1,37.4,22.7,http://www.wikidata.org/entity/Q15574,grid.1010.0,
242,201-300,2-Jan,The University of Auckland,The-University-of-Auckland,newzealand,,15.1,0,10.2,14.4,36.9,18.7,http://www.wikidata.org/entity/Q492467,grid.9654.e,
243,201-300,4-Feb,The University of Hong Kong,The-University-of-Hong-Kong,"hongkong,china",,0,0,14.4,10.4,43.9,22,http://www.wikidata.org/entity/Q15568,grid.194645.b,
244,201-300,90-111,The University of New Mexico - Albuquerque,The-University-of-New-Mexico---Albuquerque,unitedstates,,0,0,12.5,18.3,35.8,15.1,http://www.wikidata.org/entity/Q1190812,grid.266832.b,
245,201-300,20-30,The University of Reading,The-University-of-Reading,unitedkingdom,,0,0,14.4,16.3,27.8,18.5,http://www.wikidata.org/entity/Q1432632,grid.9435.b,
246,201-300,90-111,The University of Texas Health Science Center at San Antonio,The-University-of-Texas-Health-Science-Center-at-San-Antonio,unitedstates,,0,0,22.8,6.9,30,17.7,http://www.wikidata.org/entity/Q4005868,grid.267309.9,
247,201-300,1,Trinity College Dublin,Trinity-College-Dublin,ireland,,13.1,14.1,7.2,10.5,30.3,16.1,http://www.wikidata.org/entity/Q258464,grid.8217.c,
248,201-300,9-May,Umea University,Umea-University,sweden,,0,0,14.4,12.8,32.9,17.2,http://www.wikidata.org/entity/Q1144565,grid.12650.30,
249,201-300,20-30,University of Aberdeen,University-of-Aberdeen,unitedkingdom,,0,0,10.2,15.8,32.9,19.8,http://www.wikidata.org/entity/Q270532,grid.7107.1,
250,201-300,6-May,University of Antwerp,University-of-Antwerp,belgium,,0,0,12.5,11.7,34.4,25.8,http://www.wikidata.org/entity/Q175241,grid.5284.b,
251,201-300,4-Jan,University of Barcelona,University-of-Barcelona,spain,,0,0,7.2,14,51.4,15.9,http://www.wikidata.org/entity/Q219615,grid.5841.8,
252,201-300,3-Feb,University of Bergen,University-of-Bergen,norway,,0,0,7.2,15.1,36.9,18.4,http://www.wikidata.org/entity/Q204457,grid.7914.b,
253,201-300,15-23,University of Bochum,University-of-Bochum,germany,,0,0,12.5,12.5,38.9,18.7,http://www.wikidata.org/entity/Q309948,grid.5570.7,
254,201-300,8-May,University of Bologna,University-of-Bologna,italy,,0,0,10.2,8.6,48.3,15.8,http://www.wikidata.org/entity/Q131262,grid.6292.f,
255,201-300,1,University of Cape Town,University-of-Cape-Town,southafrica,,21.3,0,10.2,14.2,32.8,17.5,http://www.wikidata.org/entity/Q951305,grid.7836.a,
256,201-300,90-111,University of Central Florida,University-of-Central-Florida,unitedstates,,0,0,18.4,9.5,30.1,16.8,http://www.wikidata.org/entity/Q143451,grid.170430.1,
257,201-300,90-111,University of Cincinnati,University-of-Cincinnati,unitedstates,,0,0,22.8,10.4,40.2,14.5,http://www.wikidata.org/entity/Q153265,grid.24827.3b,
258,201-300,90-111,University of Colorado at Denver,University-of-Colorado-at-Denver,unitedstates,,0,0,17.6,13.6,41.1,16.4,http://www.wikidata.org/entity/Q1468161,grid.241116.1,
259,201-300,15-23,University of Duesseldorf,University-of-Duesseldorf,germany,,13.1,0,11.4,12,31.4,16,http://www.wikidata.org/entity/Q317032,grid.411327.2,
260,201-300,20-30,University of East Anglia,University-of-East-Anglia,unitedkingdom,,15.1,0,16.1,17.4,28.7,21.1,http://www.wikidata.org/entity/Q1045828,grid.8273.e,
261,201-300,15-23,University of Erlangen-Nuremberg,University-of-Erlangen-Nuremberg,germany,,0,0,14.4,13.3,40.6,19.7,http://www.wikidata.org/entity/Q40025,grid.5330.5,
262,201-300,8-May,University of Florence,University-of-Florence,italy,,0,0,16.1,11.4,39.7,15.8,http://www.wikidata.org/entity/Q820887,grid.8404.8,
263,201-300,9-May,University of Gothenburg,University-of-Gothenburg,sweden,,0,15.4,7.2,7.6,39.9,17.1,http://www.wikidata.org/entity/Q371522,grid.8761.8,
264,201-300,18-Sep,University of Guelph,University-of-Guelph,canada,,0,0,16.1,14.7,33.4,19.4,http://www.wikidata.org/entity/Q795988,grid.34429.38,
265,201-300,15-23,University of Halle-Wittenberg,University-of-Halle-Wittenberg,germany,,5.3,8.9,7.2,12.2,28.2,14.4,http://www.wikidata.org/entity/Q32120,grid.9018.0,
266,201-300,90-111,University of Houston,University-of-Houston,unitedstates,,0,0,20.4,11.1,34.8,19.4,http://www.wikidata.org/entity/Q1472358,grid.266436.3,
267,201-300,3-Feb,University of Innsbruck,University-of-Innsbruck,austria,,0,10.9,7.2,15.1,25.1,23.1,http://www.wikidata.org/entity/Q875788,grid.5771.4,
268,201-300,90-111,University of Kansas - Lawrence,University-of-Kansas---Lawrence,unitedstates,,13.1,0,12.5,12.9,33.1,12.6,,grid.266515.3,103
269,201-300,90-111,University of Kentucky,University-of-Kentucky,unitedstates,,11.9,0,7.2,12.1,42.3,14.2,http://www.wikidata.org/entity/Q1360303,grid.266539.d,
270,201-300,7,University of Lausanne,University-of-Lausanne,switzerland,,0,0,12.5,20.7,32.4,19.9,http://www.wikidata.org/entity/Q658975,grid.9851.5,
271,201-300,20-30,University of Leicester,University-of-Leicester,unitedkingdom,,0,0,19,18,33,19.9,http://www.wikidata.org/entity/Q1333399,grid.9918.9,
272,201-300,15-23,University of Leipzig,University-of-Leipzig,germany,,15.1,15.4,0,8.7,35,17.8,http://www.wikidata.org/entity/Q154804,grid.9647.c,
273,201-300,6-May,University of Liege,University-of-Liege,belgium,,9.2,0,10.2,12.4,30.6,23,http://www.wikidata.org/entity/Q1334582,grid.4861.b,
274,201-300,18-Sep,University of Manitoba,University-of-Manitoba,canada,,0,0,16.1,8.5,35.6,15.9,http://www.wikidata.org/entity/Q1191833,grid.21613.37,
275,201-300,15-23,University of Marburg,University-of-Marburg,germany,,15.1,0,14.4,14.6,29.9,16.5,http://www.wikidata.org/entity/Q155354,grid.10253.35,
276,201-300,90-111,University of Medicine and Dentistry New Jersey,University-of-Medicine-and-Dentistry-New-Jersey,unitedstates,,0,0,22.8,13.1,32.4,15,,Manual_1,103
277,201-300,90-111,University of Missouri - Columbia,University-of-Missouri---Columbia,unitedstates,,10.7,0,7.2,14.3,40.9,14.4,http://www.wikidata.org/entity/Q579968,grid.134936.a,
278,201-300,13-Aug,University of Montpellier 2,University-of-Montpellier-2,france,,11.9,0,12.5,15.6,32.4,17.5,,grid.121334.6,103
279,201-300,90-111,University of Notre Dame,University-of-Notre-Dame,unitedstates,,14.1,0,12.5,13.6,30.3,18,http://www.wikidata.org/entity/Q178848,grid.131063.6,
280,201-300,90-111,University of Oregon,University-of-Oregon,unitedstates,,11.9,0,10.2,20.2,26.4,19,http://www.wikidata.org/entity/Q766145,grid.170202.6,
281,201-300,2-Jan,University of Otago,University-of-Otago,newzealand,,0,0,10.2,8.3,34.1,24.4,http://www.wikidata.org/entity/Q1201513,grid.29980.3a,
282,201-300,18-Sep,University of Ottawa,University-of-Ottawa,canada,,0,0,7.2,13.2,41.7,17.8,http://www.wikidata.org/entity/Q627969,grid.28046.38,
283,201-300,18-Sep,University of Saskatchewan,University-of-Saskatchewan,canada,,10.7,0,14.4,6.6,33.8,16.1,http://www.wikidata.org/entity/Q1514848,grid.25152.31,
284,201-300,7-Mar,University of Science and Technology of China,University-of-Science-and-Technology-of-China,china,,0,0,7.2,12.5,44.5,22.9,http://www.wikidata.org/entity/Q1074103,grid.59053.3a,
285,201-300,90-111,University of South Carolina - Columbia,University-of-South-Carolina---Columbia,unitedstates,,0,0,16.1,11.9,34.9,14.8,http://www.wikidata.org/entity/Q1024426,grid.254567.7,
286,201-300,90-111,University of South Florida,University-of-South-Florida,unitedstates,,0,0,12.5,9.8,38.4,14.4,http://www.wikidata.org/entity/Q500606,grid.170693.a,
287,201-300,20-30,University of St Andrews,University-of-St-Andrews,unitedkingdom,,11.9,0,7.2,21.1,29.8,23.2,http://www.wikidata.org/entity/Q216273,grid.11914.3c,
288,201-300,15-23,University of Stuttgart,University-of-Stuttgart,germany,,20.6,0,10.2,13.6,28.1,15.7,http://www.wikidata.org/entity/Q122453,grid.5719.a,
289,201-300,13-Aug,University of the Mediterranean (Aix-Marseille 2),University-of-the-Mediterranean-(Aix-Marseille-2),france,,0,0,14.4,17.1,27.6,13.1,,grid.5399.6,103
290,201-300,8-May,University of Turin,University-of-Turin,italy,,18.5,0,12.5,9.5,39.7,17.6,http://www.wikidata.org/entity/Q499911,grid.7605.4,
291,201-300,4-Jan,University of Valencia,University-of-Valencia,spain,,0,0,7.2,10.1,40.9,13.2,http://www.wikidata.org/entity/Q383568,grid.5338.d,
292,201-300,90-111,University of Vermont,University-of-Vermont,unitedstates,,15.1,0,14.4,8.4,27.9,15.3,http://www.wikidata.org/entity/Q1048898,grid.59062.38,
293,201-300,18-Sep,University of Victoria,University-of-Victoria,canada,,0,0,14.4,11.3,31.1,18.7,http://www.wikidata.org/entity/Q1458113,grid.143640.4,
294,201-300,20-30,University of York,University-of-York,unitedkingdom,,0,0,17.6,13,32.7,19.6,http://www.wikidata.org/entity/Q967165,grid.5685.e,
295,201-300,90-111,Washington State University - Pullman,Washington-State-University---Pullman,unitedstates,,0,0,20.4,13.6,31.3,16,,grid.30064.31,103
296,201-300,18-Sep,Western University,Western-University,canada,,0,0,8.8,13.5,45.5,18.5,http://www.wikidata.org/entity/Q1144262,grid.39381.30,
297,201-300,90-111,Yeshiva University,Yeshiva-University,unitedstates,,0,0,12.5,16.2,34.6,21.1,http://www.wikidata.org/entity/Q1048851,grid.268433.8,
298,201-300,4-Feb,Yonsei University,Yonsei-University,southkorea,,0,0,7.2,10.6,51.8,18.2,http://www.wikidata.org/entity/Q39988,grid.15444.30,
299,201-300,7-Mar,Zhejiang University,Zhejiang-University,china,,0,0,0,8.5,61.9,16.2,http://www.wikidata.org/entity/Q197543,grid.13402.34,
300,301-400,2,Aristotle University of Thessaloniki,Aristotle-University-of-Thessaloniki,greece,,0,0,7.2,3.5,37.5,16.8,http://www.wikidata.org/entity/Q667568,grid.4793.9,
301,301-400,7-May,Autonomous University of Barcelona,Autonomous-University-of-Barcelona,spain,,0,0,0,7.7,42.4,16.2,http://www.wikidata.org/entity/Q43452,grid.7080.f,
302,301-400,6-May,Bar-Ilan University,Bar-Ilan-University,israel,,0,0,12.5,9,28,14,http://www.wikidata.org/entity/Q1124657,grid.22098.31,
303,301-400,6-May,Ben-Gurion University of the Negev,Ben-Gurion-University-of-the-Negev,israel,,0,0,7.2,10.2,35.8,16.6,http://www.wikidata.org/entity/Q737332,grid.7489.2,
304,301-400,112-137,Brigham Young University,Brigham-Young-University,unitedstates,,10.7,0,12.5,3.7,26.7,11.8,http://www.wikidata.org/entity/Q332498,grid.253294.b,
305,301-400,5,City University of Hong Kong,City-University-of-Hong-Kong,"hongkong,china",,0,0,12.5,0,38.2,22.3,http://www.wikidata.org/entity/Q787360,grid.35030.35,
306,301-400,112-137,Clemson University,Clemson-University,unitedstates,,0,0,12.5,6,29.1,14.3,http://www.wikidata.org/entity/Q631066,grid.26090.3d,
307,301-400,24-33,Technical University Darmstadt,Technical-University-Darmstadt,germany,,16.9,0,7.2,7.9,29.3,14.6,http://www.wikidata.org/entity/Q310695,grid.6546.1,
308,301-400,24-33,Dresden University of Technology,Dresden-University-of-Technology,germany,,0,0,7.2,11,37.3,17.3,,grid.4488.0,103
309,301-400,112-137,Drexel University,Drexel-University,unitedstates,,0,0,7.2,9.6,28.8,14.2,http://www.wikidata.org/entity/Q603034,grid.166341.7,
310,301-400,2-Jan,Eotvos Lorand University,Eotvos-Lorand-University,hungary,,16.9,0,10.2,9,24.2,13.2,http://www.wikidata.org/entity/Q390287,grid.5591.8,
311,301-400,5-Mar,Federal University of Minas Gerais,Federal-University-of-Minas-Gerais,brazil,,0,0,7.2,5.8,36.6,16.5,http://www.wikidata.org/entity/Q132140,grid.8430.f,
312,301-400,5-Mar,Federal University of Rio de Janeiro,Federal-University-of-Rio-de-Janeiro,brazil,,0,0,0,12.3,41.9,19.1,http://www.wikidata.org/entity/Q586904,grid.8536.8,
313,301-400,13-Oct,Flinders University,Flinders-University,australia,,16.9,0,7.2,4,24.8,19.6,http://www.wikidata.org/entity/Q15575,grid.1014.4,
314,301-400,112-137,Georgetown University,Georgetown-University,unitedstates,,0,0,12.5,7.2,33,17.6,http://www.wikidata.org/entity/Q333886,grid.213910.8,
315,301-400,7-May,Hanyang University,Hanyang-University,southkorea,,0,0,0,6.2,39.7,17.3,http://www.wikidata.org/entity/Q40006,grid.49606.3d,
316,301-400,14-18,Henri Poincare University (Nancy 1),Henri-Poincare-University-(Nancy-1),france,,13.1,18.9,0,10.1,16.7,10.8,,grid.29172.3f,103
317,301-400,17-Nov,Hiroshima University,Hiroshima-University,japan,,0,0,7.2,11.6,35.1,17.5,http://www.wikidata.org/entity/Q115220,grid.257022.0,
318,301-400,1,Indian Institute of Science,Indian-Institute-of-Science,india,,0,0,12.5,6.3,34.6,16.3,http://www.wikidata.org/entity/Q948720,grid.34980.36,
319,301-400,2-Jan,Jagiellonian University,Jagiellonian-University,poland,,11.9,0,7.2,5.5,31.8,14.9,http://www.wikidata.org/entity/Q189441,grid.5522.0,
320,301-400,13-Oct,James Cook University,James-Cook-University,australia,,0,0,10.2,14.1,24.1,21.8,http://www.wikidata.org/entity/Q536512,grid.1011.1,
321,301-400,17-Nov,Kanazawa University,Kanazawa-University,japan,,0,0,10.2,6.9,27.6,17.1,http://www.wikidata.org/entity/Q684783,grid.9707.9,
322,301-400,112-137,Kansas State University,Kansas-State-University,unitedstates,,0,0,14.4,8.9,29.7,14,http://www.wikidata.org/entity/Q31249,grid.36567.31,
323,301-400,1,King Saud University,King-Saud-University,saudiarabia,,0,0,24.4,0,21.2,14.1,http://www.wikidata.org/entity/Q1752043,grid.56302.32,
324,301-400,17-Nov,Kobe University,Kobe-University,japan,,0,0,10.2,12.6,32.8,16.4,http://www.wikidata.org/entity/Q1192597,grid.31432.37,
325,301-400,31-35,London School of Hygiene and Tropical Medicine,London-School-of-Hygiene-and-Tropical-Medicine,unitedkingdom,,9.2,0,0,5.5,29.7,28.7,,grid.8991.9,103
326,301-400,6-Apr,Medical University of Graz,Medical-University-of-Graz,austria,,0,10.9,7.2,3.3,21.4,20.2,http://www.wikidata.org/entity/Q872543,grid.11598.34,
327,301-400,6-Apr,Medical University of Innsbruck,Medical-University-of-Innsbruck,austria,,0,0,12.5,5.7,24.6,22.9,http://www.wikidata.org/entity/Q686772,grid.5361.1,
328,301-400,112-137,Medical University of South Carolina,Medical-University-of-South-Carolina,unitedstates,,0,0,14.4,7.3,30,19.5,http://www.wikidata.org/entity/Q6806451,grid.259828.c,
329,301-400,17-Nov,Nagasaki University,Nagasaki-University,japan,,13.1,0,10.2,4.1,24.4,17,http://www.wikidata.org/entity/Q114892,grid.174567.6,
330,301-400,2,Nanyang Technological University,Nanyang-Technological-University,singapore,,0,0,0,6.5,46.5,20.5,http://www.wikidata.org/entity/Q721064,grid.59025.3b,
331,301-400,4-Mar,National Chiao Tung University,National-Chiao-Tung-University,"taiwan,china",,0,0,7.2,6.4,38.3,20.7,http://www.wikidata.org/entity/Q43401,grid.260539.b,
332,301-400,4-Mar,National Tsing Hua University,National-Tsing-Hua-University,"taiwan,china",,14.1,0,0,8.9,35.4,21.2,http://www.wikidata.org/entity/Q43406,grid.38348.34,
333,301-400,17-Nov,Okayama University,Okayama-University,japan,,0,0,7.2,12,33.4,17.8,http://www.wikidata.org/entity/Q1067916,grid.261356.5,
334,301-400,7-May,Pohang University of Science and Technology,Pohang-University-of-Science-and-Technology,southkorea,,0,0,7.2,9.8,29.3,28.8,http://www.wikidata.org/entity/Q40018,grid.49100.3c,
335,301-400,7-May,Polytechnic University of Valencia,Polytechnic-University-of-Valencia,spain,,0,0,7.2,11.5,31.4,15.4,http://www.wikidata.org/entity/Q2003976,grid.157927.f,
336,301-400,112-137,Saint Louis University,Saint-Louis-University,unitedstates,,0,12.6,10.2,4.7,24.4,12.4,http://www.wikidata.org/entity/Q734774,grid.262962.b,
337,301-400,2,Saint Petersburg State University,Saint-Petersburg-State-University,russia,,26.1,0,0,4.8,29.6,15.4,http://www.wikidata.org/entity/Q27621,grid.15447.33,
338,301-400,112-137,San Diego State University,San-Diego-State-University,unitedstates,,0,0,14.4,12.3,27.6,16.2,http://www.wikidata.org/entity/Q913861,grid.263081.e,
339,301-400,5-Mar,Sao Paulo State University,Sao-Paulo-State-University,brazil,,0,0,0,5.4,43.9,19.3,,grid.410543.7,101
340,301-400,13-Sep,Scuola Normale Superiore - Pisa,Scuola-Normale-Superiore---Pisa,italy,,0,0,14.4,5.7,16.4,44.7,http://www.wikidata.org/entity/Q672416,grid.6093.c,
341,301-400,10-Aug,Shandong University,Shandong-University,china,,0,0,0,4,43,12.2,http://www.wikidata.org/entity/Q604470,grid.27255.37,
342,301-400,10-Aug,Sichuan University,Sichuan-University,china,,0,0,0,2.1,46,12.6,http://www.wikidata.org/entity/Q2281517,grid.13291.38,
343,301-400,112-137,State University of New York at Albany,State-University-of-New-York-at-Albany,unitedstates,,0,0,16.1,5.3,27.3,17.4,,grid.265850.c,103
344,301-400,112-137,State University of New York Health Science Center at Brooklyn,State-University-of-New-York-Health-Science-Center-at-Brooklyn,unitedstates,,0,15.4,10.2,5.8,17.2,17.1,http://www.wikidata.org/entity/Q3246712,grid.262863.b,
345,301-400,10,Stockholm School of Economics,Stockholm-School-of-Economics,sweden,,0,16.6,0,,10.7,39,http://www.wikidata.org/entity/Q1061504,grid.419684.6,
346,301-400,10-Aug,Sun Yat-sen University,Sun-Yat-sen-University,china,,0,0,0,3.2,42.3,13.7,http://www.wikidata.org/entity/Q178972,grid.12981.33,
347,301-400,7-May,Sungkyunkwan University,Sungkyunkwan-University,southkorea,,0,0,0,10.9,43.2,17.2,http://www.wikidata.org/entity/Q41085,grid.264381.a,
348,301-400,112-137,Syracuse University,Syracuse-University,unitedstates,,0,0,16.1,8.7,24.7,13.9,http://www.wikidata.org/entity/Q617433,grid.264484.8,
349,301-400,112-137,Temple University,Temple-University,unitedstates,,0,0,14.4,5.1,30.9,12.5,http://www.wikidata.org/entity/Q1420239,grid.264727.2,
350,301-400,112-137,Texas Tech University,Texas-Tech-University,unitedstates,,0,0,10.2,6.6,30.6,14.5,http://www.wikidata.org/entity/Q1423756,grid.264784.b,
351,301-400,31-35,The Open University,The-Open-University,unitedkingdom,,0,0,12.5,13.8,21.7,12.5,http://www.wikidata.org/entity/Q2413375,grid.10837.3d,
352,301-400,31-35,The University of Dundee,The-University-of-Dundee,unitedkingdom,,0,0,16.1,12,27,18.1,http://www.wikidata.org/entity/Q1249005,grid.8241.f,
353,301-400,112-137,The University of Montana - Missoula,The-University-of-Montana---Missoula,unitedstates,,7.5,0,12.5,11.7,17.1,14.9,,grid.253613.0,103
354,301-400,112-137,The University of Texas at Dallas,The-University-of-Texas-at-Dallas,unitedstates,,0,0,10.2,14.1,25.2,21.2,http://www.wikidata.org/entity/Q1781394,grid.267323.1,
355,301-400,112-137,The University of Texas Medical Branch at Galveston,The-University-of-Texas-Medical-Branch-at-Galveston,unitedstates,,0,0,17.6,7.8,25.7,15.4,http://www.wikidata.org/entity/Q921264,grid.176731.5,
356,301-400,112-137,Thomas Jefferson University,Thomas-Jefferson-University,unitedstates,,0,0,16.1,4.7,28.2,27.8,http://www.wikidata.org/entity/Q2471216,grid.265008.9,
357,301-400,17-Nov,Tokyo Medical and Dental University,Tokyo-Medical-and-Dental-University,japan,,0,0,7.2,13.1,25.4,24.3,http://www.wikidata.org/entity/Q3180921,grid.265073.5,
358,301-400,112-137,Tulane University,Tulane-University,unitedstates,,0,0,14.4,10.3,26.5,14.7,http://www.wikidata.org/entity/Q1193547,grid.265219.b,
359,301-400,2,University College Dublin,University-College-Dublin,ireland,,0,0,7.2,10.3,35.3,16.4,http://www.wikidata.org/entity/Q1068258,grid.7886.1,
360,301-400,112-137,University of Alaska - Fairbanks,University-of-Alaska---Fairbanks,unitedstates,,0,0,14.4,12.9,21.2,16.5,http://www.wikidata.org/entity/Q1285262,grid.70738.3b,
361,301-400,112-137,University of Arkansas at Fayetteville,University-of-Arkansas-at-Fayetteville,unitedstates,,0,0,10.2,10.6,24.9,13.7,http://www.wikidata.org/entity/Q1070333,grid.411017.2,
362,301-400,31-35,University of Bath,University-of-Bath,unitedkingdom,,0,0,10.2,12.4,29.3,17.8,http://www.wikidata.org/entity/Q1422458,grid.7340.0,
363,301-400,24-33,University of Bielefeld,University-of-Bielefeld,germany,,0,0,14.4,9.6,24.7,13.2,,grid.7491.b,103
364,301-400,14-18,University of Bordeaux 1,University-of-Bordeaux-1,france,,7.5,0,12.5,13.8,24.5,14.6,,grid.412041.2,103
365,301-400,24-33,University of Bremen,University-of-Bremen,germany,,0,0,0,14.5,30.5,14.8,http://www.wikidata.org/entity/Q500692,grid.7704.4,
366,301-400,24-33,University of Duisburg-Essen,University-of-Duisburg-Essen,germany,,0,0,7.2,8.8,31.7,14.7,http://www.wikidata.org/entity/Q696757,grid.5718.b,
367,301-400,31-35,University of Exeter,University-of-Exeter,unitedkingdom,,0,0,0,18.8,28.3,18.4,http://www.wikidata.org/entity/Q1414861,grid.8391.3,
368,301-400,13-Sep,University of Genova,University-of-Genova,italy,,0,0,14.4,4,32.5,13.7,,grid.5606.5,103
369,301-400,6-Apr,University of Graz,University-of-Graz,austria,,10.7,12.6,0,8.7,20.1,18.9,http://www.wikidata.org/entity/Q622683,grid.5110.5,
370,301-400,24-33,University of Jena,University-of-Jena,germany,,0,0,0,11.7,35.2,16.2,http://www.wikidata.org/entity/Q154561,grid.9613.d,
371,301-400,24-33,University of Karlsruhe,Karlsruhe-Institute-of-Technology-(KIT),germany,,5.3,0,10.2,12.8,30.9,15.4,http://www.wikidata.org/entity/Q309988,grid.7892.4,
372,301-400,24-33,University of Konstanz,University-of-Konstanz,germany,,0,0,14.4,12.4,23.6,13.2,http://www.wikidata.org/entity/Q835440,grid.9811.1,
373,301-400,11-Oct,University of Maastricht,University-of-Maastricht,netherlands,,0,0,0,7.8,39.8,22.3,,grid.5012.6,103
374,301-400,13-Sep,University of Naples Federico II,University-of-Naples-Federico-II,italy,,0,0,7.2,5.2,42,12.5,http://www.wikidata.org/entity/Q691851,grid.4691.a,
375,301-400,112-137,University of Nevada - Reno,University-of-Nevada---Reno,unitedstates,,0,0,10.2,11.8,24.3,13.5,http://www.wikidata.org/entity/Q1185955,grid.266818.3,
376,301-400,112-137,University of New Hampshire - Durham,University-of-New-Hampshire---Durham,unitedstates,,0,0,14.4,14.6,21.7,15.4,http://www.wikidata.org/entity/Q49207,grid.167436.1,
377,301-400,13-Oct,University of Newcastle,University-of-Newcastle,australia,,0,0,10.2,7.6,29.5,20.8,,grid.266842.c,103
378,301-400,14-18,University of Nice Sophia Antipolis,University-of-Nice-Sophia-Antipolis,france,,0,0,7.2,14.2,25.3,11.3,http://www.wikidata.org/entity/Q1198571,grid.10737.32,
379,301-400,112-137,University of Oklahoma - Norman,University-of-Oklahoma---Norman,unitedstates,,0,0,10.2,9.3,29.8,14.3,http://www.wikidata.org/entity/Q640652,grid.266900.b,
380,301-400,3-Feb,University of Oulu,University-of-Oulu,finland,,13.1,0,7.2,7.5,29.7,14.3,http://www.wikidata.org/entity/Q1357517,grid.10858.34,
381,301-400,13-Sep,University of Palermo,University-of-Palermo,italy,,0,0,12.5,7.3,29.6,12.4,http://www.wikidata.org/entity/Q1641504,grid.10776.37,
382,301-400,14-18,University of Paris Dauphine (Paris 9),University-of-Paris-Dauphine-(Paris-9),france,,0,26.7,7.2,0,11.8,20.4,,grid.11024.36,103
383,301-400,7-May,University of Pompeu Fabra,University-of-Pompeu-Fabra,spain,,0,0,7.2,11.9,22.8,24.4,,grid.5612.0,103
384,301-400,14-18,University of Provence (Aix-Marseille 1),University-of-Provence-(Aix-Marseille-1),france,,16,0,7.2,10.1,22.3,11.3,,grid.5399.6,103
385,301-400,24-33,University of Regensburg,University-of-Regensburg,germany,,0,0,7.2,10.1,31.1,14.6,http://www.wikidata.org/entity/Q574571,grid.7727.5,
386,301-400,112-137,University of Rhode Island,University-of-Rhode-Island,unitedstates,,0,0,20.4,12.1,19.3,16.4,http://www.wikidata.org/entity/Q1641788,grid.20431.34,
387,301-400,13-Sep,University of Roma - Tor Vergata,University-of-Roma---Tor-Vergata,italy,,0,0,0,9.5,35,17.1,http://www.wikidata.org/entity/Q1031803,grid.6530.0,
388,301-400,4,University of Southern Denmark,University-of-Southern-Denmark,denmark,,0,0,14.4,9.3,31.1,15.5,http://www.wikidata.org/entity/Q2166335,grid.10825.3e,
389,301-400,2-Jan,University of Szeged,University-of-Szeged,hungary,,0,15.4,7.2,6.7,24.1,13.2,http://www.wikidata.org/entity/Q369839,grid.9008.1,
390,301-400,2,University of the Witwatersrand,University-of-the-Witwatersrand,southafrica,,21.3,0,0,9.9,29.6,15.1,http://www.wikidata.org/entity/Q534643,grid.11951.3d,
391,301-400,4,University of Tromso,University-of-Tromso,norway,,0,0,10.2,8.9,25.3,16.3,,grid.10919.30,103
392,301-400,3-Feb,University of Turku,University-of-Turku,finland,,0,0,12.5,6.6,33.1,15.7,http://www.wikidata.org/entity/Q501841,grid.1374.1,
393,301-400,11-Oct,University of Twente,University-of-Twente,netherlands,,0,0,10.2,6.7,28.9,18.4,http://www.wikidata.org/entity/Q1547084,grid.6214.1,
394,301-400,24-33,University of Ulm,University-of-Ulm,germany,,0,0,7.2,9.5,30.8,14.4,http://www.wikidata.org/entity/Q835662,grid.6582.9,
395,301-400,2-Jan,University of Warsaw,University-of-Warsaw,poland,,18.5,0,0,6.9,33.6,16,http://www.wikidata.org/entity/Q144488,grid.12847.38,
396,301-400,13-Oct,University of Wollongong,University-of-Wollongong,australia,,0,0,12.5,7.3,28.1,19.9,http://www.wikidata.org/entity/Q1350021,grid.1007.6,
397,301-400,112-137,Wake Forest University,Wake-Forest-University,unitedstates,,0,0,10.2,7.9,33.5,13.8,http://www.wikidata.org/entity/Q392667,grid.241167.7,
398,301-400,17-Nov,Waseda University,Waseda-University,japan,,0,0,12.5,10.6,28.8,14.5,http://www.wikidata.org/entity/Q274486,grid.5290.e,
399,301-400,112-137,Wayne State University,Wayne-State-University,unitedstates,,0,0,7.2,9.8,39.2,13.9,http://www.wikidata.org/entity/Q349055,grid.254444.7,
400,401-500,6-Apr,Aalto University,Aalto-University,finland,,0,0,0,5.7,31.1,13.8,http://www.wikidata.org/entity/Q300980,grid.5373.2,
401,401-500,138-154,Auburn University,Auburn-University,unitedstates,,0,0,7.2,4.2,30.4,13.2,http://www.wikidata.org/entity/Q540672,grid.252546.2,
402,401-500,138-154,Boston College,Boston-College,unitedstates,,0,0,7.2,10.5,22.7,13.8,http://www.wikidata.org/entity/Q49118,grid.208226.c,
403,401-500,36-38,Brunel University,Brunel-University,unitedkingdom,,0,0,10.2,1.5,25.1,13.9,http://www.wikidata.org/entity/Q932411,grid.7728.a,
404,401-500,19-23,Carleton University,Carleton-University,canada,,0,0,14.4,0,26.3,15.2,http://www.wikidata.org/entity/Q1041737,grid.34428.39,
405,401-500,2-Jan,Catholic University of Chile,Catholic-University-of-Chile,chile,,0,0,7.2,9.8,27.8,13.3,http://www.wikidata.org/entity/Q1129925,grid.7870.8,
406,401-500,14-22,Catholic University of the Sacred Heart,Catholic-University-of-the-Sacred-Heart,italy,,0,0,7.2,5.8,29.3,14.4,http://www.wikidata.org/entity/Q229022,grid.8142.f,
407,401-500,7-May,Chang Gung University,Chang-Gung-University,"taiwan,china",,0,0,7.2,2.6,32.3,19.2,http://www.wikidata.org/entity/Q2748799,grid.145695.a,
408,401-500,18-25,Chiba University,Chiba-University,japan,,0,0,0,8,31.1,15.8,http://www.wikidata.org/entity/Q1321803,grid.136304.3,
409,401-500,22-Nov,China Agricultural University,China-Agricultural-University,china,,0,0,0,7.6,36.1,14.9,http://www.wikidata.org/entity/Q257655,grid.22935.3f,
410,401-500,19-23,Concordia University,Concordia-University,canada,,0,0,7.2,4.7,25.8,12.7,http://www.wikidata.org/entity/Q326342,grid.410319.e,
411,401-500,14-17,Curtin University of Technology,Curtin-University-of-Technology,australia,,0,0,0,12.2,29.5,17.4,,grid.1032.0,103
412,401-500,22-Nov,Dalian University of Technology,Dalian-University-of-Technology,china,,0,0,0,2.1,38.5,16.1,http://www.wikidata.org/entity/Q1477368,grid.30055.33,
413,401-500,19-22,Ecole National Superieure Mines - Paris,Ecole-National-Superieure-Mines---Paris,france,,16,25.2,0,3.3,8.7,12.7,,grid.58140.38,103
414,401-500,19-22,Ecole Normale Superieure - Lyon,Ecole-Normale-Superieure---Lyon,france,,0,0,7.2,10.3,20.4,20.4,http://www.wikidata.org/entity/Q10159,grid.15140.31,
415,401-500,12,Eindhoven University of Technology,Eindhoven-University-of-Technology,netherlands,,0,0,0,6,33.5,20,http://www.wikidata.org/entity/Q280824,grid.6852.9,
416,401-500,6,Federal University of Rio Grande do Sul,Federal-University-of-Rio-Grande-do-Sul,brazil,,0,0,0,2.4,39.5,17.3,http://www.wikidata.org/entity/Q766447,grid.8532.c,
417,401-500,18-25,Gunma University,Gunma-University,japan,,0,0,7.2,7.3,22.2,16.5,,grid.256642.1,101
418,401-500,34-39,Hannover Medical School,Hannover-Medical-School,germany,,0,0,0,7.7,31.6,14.2,http://www.wikidata.org/entity/Q911561,grid.10423.34,
419,401-500,22-Nov,Harbin Institute of Technology,Harbin-Institute-of-Technology,china,,0,0,0,0,44.8,13.5,http://www.wikidata.org/entity/Q632558,grid.19373.3f,
420,401-500,22-Nov,Huazhong University of Science and Technology,Huazhong-University-of-Science-and-Technology,china,,0,0,0,0,43.6,13.3,http://www.wikidata.org/entity/Q1711196,grid.33199.31,
421,401-500,2,Indian Institute of Technology Kharagpur,Indian-Institute-of-Technology-Kharagpur,india,,0,0,7.2,0,29.8,13.4,http://www.wikidata.org/entity/Q1661243,grid.429017.9,
422,401-500,138-154,Indiana University-Purdue University at Indianapolis,Indiana-University-Purdue-University-at-Indianapolis,unitedstates,,0,0,0,6.3,39.1,13,http://www.wikidata.org/entity/Q1433199,grid.257413.6,
423,401-500,1,Istanbul University,Istanbul-University,turkey,,15.1,0,0,3,33.7,15.5,http://www.wikidata.org/entity/Q192964,grid.9601.e,
424,401-500,22-Nov,Jilin University,Jilin-University,china,,0,0,0,5.2,40.9,11.3,http://www.wikidata.org/entity/Q1432030,grid.64924.3d,
425,401-500,138-154,Kent State University,Kent-State-University,unitedstates,,0,0,7.2,11.5,23.6,13.5,http://www.wikidata.org/entity/Q1473615,grid.258518.3,
426,401-500,2,King Fahd University of Petroleum & Minerals,King-Fahd-University-of-Petroleum--Minerals,saudiarabia,,0,0,21,0,18.2,12.1,http://www.wikidata.org/entity/Q4116241,grid.412135.0,
427,401-500,10-Aug,Kyung Hee University,Kyung-Hee-University,southkorea,,0,0,0,1.5,34.8,15.2,http://www.wikidata.org/entity/Q496536,grid.289247.2,
428,401-500,10-Aug,Kyungpook National University,Kyungpook-National-University,southkorea,,0,0,0,4,34.8,15.2,http://www.wikidata.org/entity/Q487841,grid.258803.4,
429,401-500,14-17,La Trobe University,La-Trobe-University,australia,,0,0,7.2,6.3,25.8,16.9,http://www.wikidata.org/entity/Q1478723,grid.1018.8,
430,401-500,22-Nov,Lanzhou University,Lanzhou-University,china,,0,0,0,6.4,35.4,16.6,http://www.wikidata.org/entity/Q4475799,grid.32566.34,
431,401-500,138-154,Lehigh University,Lehigh-University,unitedstates,,0,0,12.5,8.3,20.9,17.1,http://www.wikidata.org/entity/Q622137,grid.259029.5,
432,401-500,11,Linkoping University,Linkoping-University,sweden,,0,0,7.2,2.1,32.1,15.4,http://www.wikidata.org/entity/Q782600,grid.5640.7,
433,401-500,5-Mar,Massey University,Massey-University,newzealand,,0,0,10.2,4,25.9,14.6,http://www.wikidata.org/entity/Q1134606,grid.148374.d,
434,401-500,138-154,Medical College of Wisconsin,Medical-College-of-Wisconsin,unitedstates,,0,0,7.2,7.1,28.1,11.6,http://www.wikidata.org/entity/Q6806307,grid.30760.32,
435,401-500,138-154,Montana State University - Bozeman,Montana-State-University---Bozeman,unitedstates,,0,0,7.2,10.4,20.3,14,,grid.41891.35,103
436,401-500,22-Nov,Nankai University,Nankai-University,china,,0,0,0,7.9,35.5,13.7,http://www.wikidata.org/entity/Q254204,grid.216938.7,
437,401-500,7-May,National Central University,National-Central-University,"taiwan,china",,0,0,0,8.5,31.1,18.3,http://www.wikidata.org/entity/Q714891,grid.37589.30,
438,401-500,7-May,National Yang Ming University,National-Yang-Ming-University,"taiwan,china",,0,0,0,7.6,29.7,22.2,http://www.wikidata.org/entity/Q718328,grid.260770.4,
439,401-500,18-25,Nihon University,Nihon-University,japan,,0,0,7.2,6.2,27,12.5,,grid.260969.2,101
440,401-500,18-25,Niigata University,Niigata-University,japan,,0,0,12.5,4.7,25.2,15.5,http://www.wikidata.org/entity/Q267111,grid.260975.f,
441,401-500,138-154,Northeastern University,Northeastern-University,unitedstates,,0,0,7.2,10.2,26,15.3,,grid.261112.7,101
442,401-500,138-154,Ohio University,Ohio-University,unitedstates,,15.1,0,0,9.1,23,12.4,http://www.wikidata.org/entity/Q1075339,grid.20627.31,
443,401-500,18-25,Osaka Prefecture University,Osaka-Prefecture-University,japan,,0,0,10.2,6.8,21.8,10.9,,grid.261455.1,101
444,401-500,14-22,Polytechnic University of Turin,Polytechnic-University-of-Turin,italy,,0,0,14.4,0,28.3,15.1,http://www.wikidata.org/entity/Q392897,grid.4800.c,
445,401-500,138-154,Portland State University,Portland-State-University,unitedstates,,0,0,10.2,7.6,19.5,13.5,http://www.wikidata.org/entity/Q1771717,grid.262075.4,
446,401-500,10-Aug,Pusan National University,Pusan-National-University,southkorea,,0,0,0,7.6,34.4,15.4,http://www.wikidata.org/entity/Q53122,grid.262229.f,
447,401-500,22-Nov,Southeast University,Southeast-University,china,,0,0,0,4.7,35.9,13.2,http://www.wikidata.org/entity/Q3551770,grid.263826.b,
448,401-500,14-17,Swinburne University of Technology,Swinburne-University-of-Technology,australia,,0,0,10.2,9.5,18.3,18.9,http://www.wikidata.org/entity/Q787234,grid.1027.4,
449,401-500,34-39,Technical University of Braunschweig,Technical-University-of-Braunschweig,germany,,14.1,0,7.2,6.8,23.4,11.9,http://www.wikidata.org/entity/Q734324,grid.6738.a,
450,401-500,138-154,The University of Connecticut Health Center,The-University-of-Connecticut-Health-Center,unitedstates,,0,0,10.2,8.9,22.1,16.6,,grid.208078.5,103
451,401-500,138-154,The University of Texas at San Antonio,The-University-of-Texas-at-San-Antonio,unitedstates,,0,0,7.2,9.2,21.8,14,http://www.wikidata.org/entity/Q183170,grid.215352.2,
452,401-500,18-25,The University of Tokushima,The-University-of-Tokushima,japan,,0,0,10.2,8.6,23.2,16.8,http://www.wikidata.org/entity/Q1150231,grid.267335.6,
453,401-500,22-Nov,Tianjin University,Tianjin-University,china,,0,0,0,3.3,34.8,13.3,http://www.wikidata.org/entity/Q2031560,grid.33763.32,
454,401-500,18-25,Tokyo University of Agriculture and Technology,Tokyo-University-of-Agriculture-and-Technology,japan,,0,0,7.2,3.3,23.6,19.7,http://www.wikidata.org/entity/Q1301275,grid.136594.c,
455,401-500,3,University College Cork,University-College-Cork,ireland,,0,0,16.1,6.3,22.3,12.3,http://www.wikidata.org/entity/Q1574185,grid.7872.a,
456,401-500,138-154,University of Arkansas at Little Rock,University-of-Arkansas-at-Little-Rock,unitedstates,,0,0,7.2,6,26.3,19,http://www.wikidata.org/entity/Q500154,grid.265960.e,
457,401-500,14-22,University of Bari,University-of-Bari,italy,,0,0,0,7.6,30.7,13.5,http://www.wikidata.org/entity/Q1236136,grid.7644.1,
458,401-500,34-39,University of Bayreuth,University-of-Bayreuth,germany,,0,0,7.2,13.3,24.6,12.6,http://www.wikidata.org/entity/Q702482,grid.7384.8,
459,401-500,5-Mar,University of Canterbury,University-of-Canterbury,newzealand,,0,0,7.2,7.3,24,17.6,http://www.wikidata.org/entity/Q432475,grid.21006.35,
460,401-500,2-Jan,University of Chile,University-of-Chile,chile,,9.2,0,0,4.5,32.1,14.4,http://www.wikidata.org/entity/Q232141,grid.443909.3,
461,401-500,6-Apr,University of Eastern Finland,University-of-Eastern-Finland,finland,,0,0,7.2,5.8,30.1,13.8,http://www.wikidata.org/entity/Q2093139,grid.9668.1,
462,401-500,36-38,University of Essex,University-of-Essex,unitedkingdom,,15.1,0,7.2,2.6,20.6,16.2,http://www.wikidata.org/entity/Q1075104,grid.8356.8,
463,401-500,14-22,University of Ferrara,University-of-Ferrara,italy,,0,0,10.2,6.9,25.7,16.7,http://www.wikidata.org/entity/Q955609,grid.8484.0,
464,401-500,34-39,University of Giessen,University-of-Giessen,germany,,0,0,7.2,5.9,30.3,13.8,http://www.wikidata.org/entity/Q317053,grid.8664.c,
465,401-500,10-Aug,University of Granada,University-of-Granada,spain,,0,0,0,6.1,36.3,11.2,http://www.wikidata.org/entity/Q1232180,grid.4489.1,
466,401-500,34-39,University of Greifswald,University-of-Greifswald,germany,,0,8.9,7.2,2.6,23.4,11.4,http://www.wikidata.org/entity/Q165528,grid.5603.0,
467,401-500,7,University of Haifa,University-of-Haifa,israel,,0,0,7.2,6.3,25.8,12,http://www.wikidata.org/entity/Q591115,grid.18098.38,
468,401-500,34-39,University of Hannover,University-of-Hannover,germany,,0,0,7.2,7.3,25.2,11.9,http://www.wikidata.org/entity/Q678982,grid.9122.8,
469,401-500,6-Apr,University of Jyvaskyla,University-of-Jyvaskyla,finland,,0,0,7.2,6.9,25.6,12,http://www.wikidata.org/entity/Q578326,grid.9681.6,
470,401-500,138-154,University of Kansas Medical Center,University-of-Kansas-Medical-Center,unitedstates,,0,0,12.5,6,20.2,10.7,,grid.412016.0,101
471,401-500,3,University of KwaZulu-Natal,University-of-KwaZulu-Natal,southafrica,,0,0,7.2,9.6,27.5,13.1,http://www.wikidata.org/entity/Q727516,grid.16463.36,
472,401-500,2-Jan,University of Lisbon,University-of-Lisbon,portugal,,0,8.9,0,5.7,26.9,12.6,http://www.wikidata.org/entity/Q1122926,grid.9983.b,
473,401-500,1,University of Ljubljana,University-of-Ljubljana,slovenia,,0,0,0,6.3,35.8,13.4,http://www.wikidata.org/entity/Q1377,grid.8954.0,
474,401-500,14-22,University of Milan,University-of-Milan,italy,,0,0,0,11.3,26.1,22.4,http://www.wikidata.org/entity/Q46210,grid.4708.b,
475,401-500,138-154,University of Nebraska Medical Center,University-of-Nebraska-Medical-Center,unitedstates,,0,0,16.1,5.2,22.8,14.4,http://www.wikidata.org/entity/Q7895888,grid.266813.8,
476,401-500,14-22,University of Parma,University-of-Parma,italy,,0,0,7.2,7.5,26.4,13.7,http://www.wikidata.org/entity/Q1758474,grid.10383.39,
477,401-500,14-22,University of Pavia,University-of-Pavia,italy,,0,0,0,8.1,30.5,15.2,http://www.wikidata.org/entity/Q219317,grid.8982.b,
478,401-500,14-22,University of Perugia,University-of-Perugia,italy,,0,0,7.2,9.3,28,14.7,http://www.wikidata.org/entity/Q748085,grid.9027.c,
479,401-500,2-Jan,University of Porto,University-of-Porto,portugal,,0,0,0,5.2,36.9,16.3,http://www.wikidata.org/entity/Q1422903,grid.5808.5,
480,401-500,19-23,University of Quebec,University-of-Quebec,canada,,0,0,0,8.2,34.6,15.5,,grid.265695.b,101
481,401-500,19-22,University of Rennes 1,University-of-Rennes-1,france,,0,0,7.2,10.8,28.7,11,http://www.wikidata.org/entity/Q726595,grid.410368.8,
482,401-500,10-Aug,University of Santiago Compostela,University-of-Santiago-Compostela,spain,,0,0,0,5.6,32.5,12.3,http://www.wikidata.org/entity/Q1473677,grid.11794.3a,
483,401-500,19-23,University of Sherbrooke,University-of-Sherbrooke,canada,,0,0,7.2,11,25.1,12.4,http://www.wikidata.org/entity/Q2579532,grid.86715.3d,
484,401-500,14-22,University of Siena,University-of-Siena,italy,,0,0,0,8,28.3,18,http://www.wikidata.org/entity/Q1245999,grid.9024.f,
485,401-500,36-38,University of Surrey,University-of-Surrey,unitedkingdom,,0,0,7.2,5,26.2,15.6,http://www.wikidata.org/entity/Q546976,grid.5475.3,
486,401-500,14-17,University of Tasmania,University-of-Tasmania,australia,,0,0,7.2,10.3,24.9,18.6,http://www.wikidata.org/entity/Q962011,grid.1009.8,
487,401-500,1,University of Tehran,University-of-Tehran,iran,,14.1,0,0,0,36.9,16.7,http://www.wikidata.org/entity/Q737835,grid.46072.37,
488,401-500,19-22,University of Versailles,University-of-Versailles,france,,0,0,7.2,12.9,19,11.7,,grid.7901.f,103
489,401-500,138-154,University of Wyoming,University-of-Wyoming,unitedstates,,0,0,7.2,11.7,22.2,14.8,http://www.wikidata.org/entity/Q1326975,grid.135963.b,
490,401-500,10-Aug,University of Zaragoza,University-of-Zaragoza,spain,,0,0,7.2,1.5,31.8,12.2,http://www.wikidata.org/entity/Q633561,grid.11205.37,
491,401-500,138-154,Utah State University,Utah-State-University,unitedstates,,0,0,7.2,7.3,23.7,13.7,http://www.wikidata.org/entity/Q1052614,grid.53857.3c,
492,401-500,5-Mar,Victoria University of Wellington,Victoria-University-of-Wellington,newzealand,,13.1,0,0,8.9,22.4,16.3,http://www.wikidata.org/entity/Q1150437,grid.267827.e,
493,401-500,7,Vienna University of Technology,Vienna-University-of-Technology,austria,,0,0,0,10.8,28.9,21.6,http://www.wikidata.org/entity/Q689400,grid.5329.d,
494,401-500,7,Vrije University Brussel,Vrije-University-Brussel,belgium,,15.1,0,0,5.4,26.9,22.2,,grid.8767.e,103
495,401-500,22-Nov,Wuhan University,Wuhan-University,china,,0,0,0,2.1,37.4,10.5,http://www.wikidata.org/entity/Q1108197,grid.49470.3e,
496,401-500,22-Nov,Xiamen University,Xiamen-University,china,,0,0,0,7.5,31.3,11.6,http://www.wikidata.org/entity/Q1153539,grid.12955.3a,
497,401-500,22-Nov,Xian Jiao Tong University,Xian-Jiao-Tong-University,china,,0,0,0,0,39.7,14.2,http://www.wikidata.org/entity/Q981237,grid.43169.39,
498,401-500,18-25,Yamaguchi University,Yamaguchi-University,japan,,0,0,16.1,1.5,21,15,,grid.268397.1,101
499,401-500,19-23,York University,York-University,canada,,0,0,0,10.8,31.4,11.9,http://www.wikidata.org/entity/Q849751,grid.21100.32,